iso3,2011,2012,2013,2014,2015,2016,2017,2018,2019,2020
AFG,17804292964.104454,20001598505.70422,20561069558.21524,20484885119.73478,19907111418.99383,18017749073.63616,18869945678.42154,18353881129.52457,19291104007.613544,19807067268.108387
AGO,111789686464.4413,128052853643.10555,136709862831.19368,145712200312.50507,116193649124.15137,101123851090.45537,122123822333.5905,101353230784.59373,89417190341.25328,62306913444.29173
ALB,12890765324.225588,12319830252.476793,12776217194.792807,13228144008.342813,11386846319.15892,11861200797.47065,13019693450.881613,15147020535.386873,15286612572.6895,14799615097.100782
AND,3629203786.1915364,3188808942.5671334,3193704343.2062693,3271808157.300385,2789870187.5069346,2896679211.866283,3000180750.112969,3218316013.2262635,3155065487.518191,
ARE,350666031313.8189,374590605854.3227,390107556160.6535,403137100068.07355,358135057862.4915,357045064669.84344,385605506848.19604,422215043594.28186,421142267937.3724,
ARG,530163281574.65753,545982375701.128,552025140252.2463,526319673731.6383,594749285413.2124,557531376217.9669,643628665302.1549,517626700412.8849,445445177459.45306,383066977653.56006
ARM,10142111334.496105,10619320048.585737,11121465767.406683,11609512939.75425,10553337672.987204,10546135160.030985,11527458565.73342,12457941907.033281,13672802157.832392,12645459213.523518
ASM,570000000.0,640000000.0,638000000.0,643000000.0,673000000.0,671000000.0,612000000.0,641000000.0,638000000.0,
ATG,1137637037.037037,1199948148.148148,1181448148.148148,1249733333.3333333,1336692592.5925925,1436585185.1851852,1467977777.7777777,1605351851.8518517,1661962962.9629629,1415059259.2592592
AUS,1396649906339.3474,1546151783872.9636,1576184467015.492,1467483705131.736,1351693984524.503,1208846993739.9915,1329188475752.319,1432881172002.1704,1396567014733.2283,1330900925056.978
AUT,431120310088.8197,409425234155.2632,430068712971.8673,441996131736.50793,381817565893.5738,395568644341.0376,416207272209.53796,454872626780.0053,445075391688.1561,428965397959.4564
AZE,65951627200.202614,69683935845.21385,74164435946.46272,75244294275.14981,53074370486.043335,37867518957.19747,40865558912.3867,47112941176.47059,48174235294.117645,42607176470.588234
BDI,2235820808.729131,2333308059.024033,2451625280.195368,2705783330.387911,3104394792.28413,2959641046.922912,3172292379.3632936,3036937141.2706223,3012308945.6267095,3258187232.6315856
BEL,522645519183.59094,496181260258.3001,521642714407.8428,534678075827.3614,462149679343.82184,475739588764.7589,501522868356.4411,543410654016.6017,533254518108.23444,515332499627.8613
BEN,10693321370.03598,11141358105.985321,12517845127.677475,13284527850.263166,11388160997.108948,11821065852.12709,12701655845.961237,14250987026.053297,14391686309.032972,15651545208.878334
BFA,12080296644.0643,12561016091.467287,13444301139.1384,13943016923.901682,11832159275.60297,12833363370.174025,14106956830.085659,16059910870.623903,15990803569.996128,17369059295.222607
BGD,128637938711.3856,133355749482.47754,149990451022.28983,172885454931.4531,195078678697.22955,221415188000.47534,249710922462.3092,274038973437.27548,302563398919.92755,324239176765.0531
BGR,57386216850.337715,54033250328.515114,55615397665.58089,56901994980.328316,50647442756.74451,53806894796.38009,58971520599.25094,66230155099.577545,68558815111.61992,69105101089.55312
BHR,28776595744.68085,30749308510.638298,32539468085.106384,33387712765.957447,31050638297.87234,32234973404.255318,35473776595.74468,37652500000.0,38474521276.59574,
BHS,10070450000.0,10720500000.0,10568400000.0,11111600000.0,11710800000.0,11928500000.0,12490700000.0,13022100000.0,13578800000.0,11250000000.0
BIH,18644723860.97093,17226849297.07003,18178503835.44905,18558343508.34351,16211541820.243834,16913330693.965273,18080118128.385387,20183510561.25528,20202479537.519318,19788422248.10716
BLR,61757788944.72362,65685102554.875854,75527984234.23424,78813839984.35056,56454734396.5842,47722657820.66747,54726595249.18491,60031262269.33648,64409647193.804375,60258239055.582886
BLZ,1460797903.23406,1522897506.07849,1579411253.005135,1667335060.96064,1721700991.46912,1789304087.785615,1858529676.71857,1915899786.96407,1982518540.6134,1763696118.9519
BMU,6312691000.0,6378188000.0,6465756000.0,6413988000.0,6654541000.0,6899911000.0,7142316000.0,7224329000.0,7484113000.0,
BOL,23963033429.436356,27084497481.910275,30659338885.672935,32996188017.366135,33000198248.914616,33941126193.921852,37508642170.767006,40287647930.53545,40895322850.94067,36688861202.60492
BRA,2616200980392.1567,2465188674415.032,2472806919901.6743,2455993625159.3706,1802214373741.3206,1795700168991.4932,2063507864886.8806,1916947014067.5461,1877810514260.3599,1444733258971.6514
BRB,4657500000.0,4610000000.0,4677000000.0,4696500000.0,4715000000.0,4830000000.0,4978000000.0,5086500000.0,5209000000.0,4365500000.0
BRN,18525319977.740677,19047940300.896286,18093829923.273655,17098342541.436466,12930394937.81366,11400854267.718817,12128104859.14983,13567351175.031507,13469422941.391878,12016056665.347322
BTN,1777101316.6775587,1781281281.5791247,1756215665.0932288,1907090813.459065,2003598212.9913535,2158972129.00307,2450364928.0730205,2446866404.9305816,2530547157.566781,2409262838.219875
BWA,15351972361.14767,14380004175.119429,14901750991.20123,16250781586.657902,14420593484.055683,15646354089.458042,17405588070.43315,18663265549.019608,18362348887.587276,15781732825.893402
CAF,2437982706.575185,2510126509.994769,1691544110.6916294,1894813389.8817933,1695825714.2427304,1825018144.4619353,2072349974.1525702,2220979144.5201836,2220307318.7488565,2303078337.574305
CAN,1793326630174.5186,1828366481521.5952,1846597421834.9834,1805749878439.9412,1556508816217.1401,1527994741907.425,1649265644244.095,1721853332869.631,1741576393905.9792,1643407977068.9272
CHE,722038242134.6195,692109693986.8864,712748124222.61,734396591036.9315,702149580770.9009,695600652899.283,704478516963.8549,735889205256.251,731474367940.4292,747968636174.0084
CHL,252251992029.4417,267122320056.7022,278384332694.359,260541637327.86392,243919079437.3728,250440149690.8891,277034675515.6713,297571693064.2119,279385487344.5257,252940023046.01126
CHN,7551500124197.168,8532229986993.647,9570406235659.64,10475682920597.715,11061553079871.54,11233276536744.676,12310409370894.242,13894817549380.291,14279937467430.953,14722730697890.1
CIV,25414875503.07842,26789047554.598778,31273074527.69753,35363533865.72715,45814637971.47452,47964234560.05141,51588158717.53482,58011466450.8643,58539424929.72483,61348579465.101654
CMR,29375448542.446598,29102772799.003754,32357345500.98846,34989493826.217865,30928653813.85382,32643697595.837772,35009262788.15004,38694156862.9922,39007354359.27982,39802147568.21743
COD,25839749198.823307,29306235826.38855,32679745297.645332,35909040265.93278,37917704900.07938,37134799974.52249,38019265625.88453,46831342212.54731,50400746171.42387,49868970641.10624
COG,15634897272.764456,17693924573.24988,17953617927.293335,17889079957.930077,11885478502.053009,10158508345.310392,11109029840.247892,13642740884.135555,12693562947.785587,10884686142.644192
COL,334943871931.7454,370921320483.8405,382116126448.554,381112119657.4446,293481748240.7788,282825009887.45795,311883730690.12946,334198214706.20874,323429888934.2568,271346896626.4178
COM,1023086272.696221,1015843491.246346,1116224107.1711571,1149587659.745018,966029599.801228,1012835492.5157499,1077439756.1222107,1178530633.815469,1165839899.8026922,1219690024.5028675
CPV,1865915544.124455,1741809808.9644227,1850470042.4328146,1859898513.2685812,1596800287.1640487,1662998677.8842537,1769787215.421407,1966983316.3259299,1981845740.7061462,1703698676.6974154
CRI,42762617081.652214,47231651864.8284,50949672205.91684,52016408950.89364,56441917652.98117,58847016044.73625,60516043590.1832,62335931464.49788,63951114302.259895,61520669890.403656
CUB,68990000000.0,73141000000.0,77148000000.0,80656000000.0,87133000000.0,91370000000.0,96851000000.0,100050000000.0,103131000000.0,
CUW,3038699608.9385476,3131096089.3854747,3147616201.117318,3158406033.519553,3151910782.122905,3122287932.9608936,3116610111.7318435,3127908044.6927376,3101787709.4972067,
CYM,4186223808.952358,4291159006.3602543,4405954638.185527,4563017880.715228,4708336733.469338,4909498979.959198,5166467298.691947,5522625585.0234,5935769350.774031,
CYP,27565469097.995544,24978513426.699215,23900872625.846725,23156850006.64275,19842404304.892933,20953442550.365288,22729184365.115227,25309818138.875767,24949065263.629242,23804340376.92747
CZE,229562733398.9475,208857719320.6487,211685616592.9311,209358834156.32904,188033050459.8811,196272068576.3383,218628940951.67508,248950103352.13702,250686478649.0641,243530379896.81284
DEU,3744408602683.935,3527344944139.8257,3732743446218.9185,3883920155292.2583,3356235704119.753,3467498002104.3276,3673506280844.3994,3961831911429.222,3861123558039.2095,3806060140124.524
DJI,1239144501.7752545,1353632941.520698,2042817162.8563871,2214681573.569329,2430287967.026784,2603554906.594643,2751461055.5930676,3012820409.6331306,3324634256.1332436,3384404260.0720234
DMA,501025925.9259259,485996296.29629624,498296296.29629624,520207407.40740734,540737037.037037,576229629.6296296,519837037.037037,551074074.074074,574607407.4074074,469870370.3703703
DNK,344003137611.2712,327148943812.1366,343584391647.92706,352993631617.708,302673070846.85724,313115929314.3386,332121063806.3906,356879499797.8963,350104327658.67487,355184024841.25415
DOM,58029750745.6495,60681537195.79962,62682163837.34702,67179914026.962296,71164825256.6849,75704720189.5607,79997975621.86543,85555378042.81964,88941299733.50177,78844702329.07854
DZA,200013038488.9063,209058991952.12546,209755003250.664,213810023703.4463,165979173991.02603,160034162957.73782,170097230857.95645,175414987760.92725,171157803367.47278,145163902228.16794
ECU,79276664000.0,87924544000.0,95129659000.0,101726331000.0,99290381000.0,99937696000.0,104295862000.0,107562008000.0,108108009000.0,98808010000.0
EGY,235989672977.6248,279116666666.6667,288434108527.1318,305595408895.26544,329366576819.407,332441717791.411,235733695652.1739,249712999437.2538,303080865603.64465,363069245165.315
ESP,1478772824224.0273,1324820091194.6665,1354757433212.7202,1369398844599.5793,1195119269971.5168,1232076017361.5305,1309297246509.31,1421459363680.6702,1393490524517.6448,1281199091016.346
EST,23394844085.122623,23192708981.84456,25271406707.56597,26773473625.192135,23048864242.607212,24259552888.971664,26885077004.78024,30616184212.15923,31471100656.243088,31029968591.27791
ETH,31952763089.330025,43310721414.08288,47648211133.218285,55612228233.51786,64589334978.80132,74296618481.08823,81770791970.98204,84269348327.34543,95912590628.14124,107645054311.87555
FIN,275243697751.0112,258304834621.6049,271285280621.37253,274497230802.95764,234440080998.27307,240607907010.38336,255016517537.98276,275849574507.6923,268966065199.99957,271233883403.89178
FJI,3774530615.659157,3972012570.5346665,4190143206.2561097,4856963229.839992,4682546863.081617,4930204229.722633,5353404422.081378,5581393120.628532,5496250694.315867,4376014755.576148
FRA,2861408170264.605,2683825225092.6284,2811077725703.5894,2852165760630.2666,2438207896251.8413,2471285607081.7163,2588740901639.8096,2786502569559.7725,2715518274227.447,2603004395901.9526
FRO,2490807830.5735097,2366301251.618472,2627049837.0813527,2850743875.2783966,2518096285.6166115,2738832687.1369786,2899226097.623771,3051341335.951604,3126293219.77989,
FSM,311301600.0,327248700.0,317214400.0,319271200.0,316489900.0,332265200.0,366666800.0,401932300.0,408060600.0,
GAB,18210308748.29124,17170465294.033195,17595745653.367607,18203968001.89081,14383107714.038813,14023890620.338385,14929488770.731483,16862282413.877844,16874450215.135065,15593181270.91347
GBR,2659882040934.5127,2704017284861.9146,2783251090198.9497,3065521109394.938,2932784751846.2695,2693247611031.814,2662484018735.8237,2857316524862.6064,2830813507746.8687,2707743777173.91
GEO,15107441446.783278,16488403076.364077,17189551520.981125,17627003454.72051,14953950557.44062,15141758566.78075,16242916915.720263,17599700090.762005,17477255562.25826,15891688903.184303
GHA,39337314809.94344,41270954737.24588,62823043699.21873,51717482623.913216,47498906691.61821,54499451834.106094,58845211998.345474,65315955122.80766,67234292582.76058,72354428864.90323
GIN,6785137172.765169,7638045254.43072,8376613843.274754,8778473614.549713,8794202443.677536,8595955581.212664,10324668266.595018,11857030336.527449,13513809258.208292,15681050917.1588
GMB,1409694553.9093392,1415006238.0950897,1375608956.1038556,1229460601.9217408,1378176868.315681,1484579844.3714335,1504909753.2874622,1670670668.593905,1826073739.8252184,1901930157.6452816
GNB,1099818651.981141,989271229.6371624,1046087417.969158,1054915645.1965369,1048229629.4203922,1179004941.2290401,1350177127.552304,1504630120.992751,1439638443.3813329,1431758242.9037538
GNQ,21357343681.89659,22388344123.99161,21948834290.353775,21765453087.479534,13185496881.405462,11240808846.692804,12200913887.641876,13097012189.399487,11417278044.985857,10021856754.494387
GRC,282625610892.4772,242053529231.14642,238484046041.1776,235295470067.17603,195317994377.19653,192732474229.2176,199630819054.3016,212146107548.99612,205326724570.2271,189410106620.01608
GRD,778655925.9259259,799882259.2592592,842620111.111111,911497407.4074074,997007925.9259259,1061631222.2222222,1125685185.1851852,1168696296.2962961,1211403703.7037036,1089203703.7037036
GTM,46876114650.49965,49593961141.74837,52996540703.59434,57852399963.787796,62186186575.743324,66053725049.0138,71654134378.52992,73208583758.91052,77020015201.32005,77604632170.5853
GUM,4984000000.0,5265000000.0,5399000000.0,5610000000.0,5799000000.0,5901000000.0,6013000000.0,6051000000.0,6311000000.0,
GUY,3691384743.322857,4063090016.160684,4167801802.791802,4127664335.8269253,4279840361.6833415,4482697336.561744,4748174334.190189,4787635821.461159,5173759527.5070505,5471256594.72422
HKG,248513617677.28674,262629441493.47635,275696879834.9665,291459356985.3368,309383627028.5611,320837638328.8458,341244161576.7592,361691522612.7448,363016373358.5166,346585881503.6353
HND,17710315005.999863,18528601901.323956,18499710127.838535,19756494434.703056,20979767785.210434,21717622071.38165,23136232229.606888,24067778953.842033,25089976946.773567,23827840809.701447
HRV,62537851352.4904,56580819623.8529,58194069434.14229,57639588805.58706,49525747503.814926,51601147665.80891,55481644098.04945,61375222347.0256,60752588976.31748,55966581780.16876
HTI,13008748131.675026,13708931889.788399,14498080022.631725,14790765759.527426,14857386163.918356,13723267960.843424,14213814582.793766,15965670198.454798,14332163266.397657,13417997065.109932
HUN,141759722464.00238,128475498380.37926,135411698965.10875,140765018880.63263,125074286021.1397,128470534117.95366,142961605733.02582,160431092908.6455,163503650313.08057,155012927629.08673
IDN,892969107923.0942,917869910105.7491,912524136718.0182,890814755233.2253,860854235065.079,931877364177.7417,1015618742565.8127,1042271531011.9897,1119091259074.6206,1058423838345.1445
IND,1823049927772.0461,1827637859136.2344,1856722121394.419,2039127446299.302,2103587813812.1995,2294797980509.512,2651472946375.047,2701111782774.5703,2870504096717.477,2622983732006.447
IRL,237644567329.2913,224984397510.31018,238483849535.57352,258909619169.70004,291521892625.047,299556360839.6313,338503196943.167,385967106117.0993,398590210120.3366,418621818482.3046
IRN,580764902917.4391,598868460912.8467,460293149324.32556,432687036177.8182,384951479697.42004,417983583565.5399,445345256459.10547,294356680624.6583,258245497664.39365,191718271483.75903
IRQ,185749664444.44446,218002481737.69147,234637675128.64493,228415656174.95712,166774109673.73242,166602488747.88495,190643898226.35135,212271807144.36694,222434137055.83755,167224432560.3188
ISL,15221622925.931889,14751508133.544277,16125060515.31174,17867662177.89113,17517210519.091156,20793168030.952427,24728285177.460316,26224228693.39538,24836714771.46379,21714670569.60328
ISR,261013927690.22272,257173086463.6885,292692657451.9206,310047504908.5713,300122499721.2815,318616506157.9452,352667925811.0281,370455651179.95795,394652208893.13806,401953804837.0874
ITA,2291991045770.294,2087077032435.1492,2141315327318.207,2159133919743.7651,1835899237320.0383,1875797463583.867,1956950469673.287,2091117091124.097,2004913357799.9968,1886445268340.7056
JAM,14444655299.877172,14807086889.209892,14264202737.308249,13899228824.216091,14188935947.569372,14077109396.858387,14808989993.318459,15730793852.791348,15830768549.891571,13812421803.408361
JOR,29524149154.92958,31634561690.140846,34454440140.84507,36847643521.12676,38587017887.323944,39892551126.76057,41408960845.07043,42932112676.05634,44502895915.49296,43697659275.31367
JPN,6157459594823.717,6203213121334.122,5155717056270.827,4850413536037.841,4389475622588.974,4922538141454.615,4866864409657.679,4954806619995.188,5064872875604.594,
KAZ,192626507971.58383,207998568865.78925,236634552078.10205,221415572819.5,184388432148.71536,137278320084.17114,166805800595.7037,179339994859.38443,181667190075.5407,169835426427.1529
KEN,41953433591.41006,50412754861.0191,55096728047.94079,61448046801.60414,64007750169.33443,69188755364.29947,78965004656.18228,87778582964.13878,95503088538.09198,98842939649.1149
KGZ,6197766118.598557,6605139933.410631,7335027591.916281,7468096566.711584,6678178340.45121,6813092065.835074,7702934800.128364,8271106196.042646,8871019822.767035,7735976612.64163
KHM,12829541141.017519,14054443213.473097,15227991395.223467,16702610842.410551,18049954289.430058,20016747754.015266,22177200511.588196,24571753583.50398,27089389786.96842,25291251427.397865
KIR,181705002.57864878,190243321.59867468,185113921.60648772,179703443.30268615,171117872.43633085,178328873.03003272,187276210.91355,196737895.9952182,194647201.94647205,199573325.99270526
KNA,817759259.2592592,800414814.8148148,839770370.3703703,916566666.6666666,923155555.5555555,971170370.3703703,996944444.4444444,1010822222.2222222,1044711111.111111,927451851.8518518
KOR,1253223044718.987,1278427634342.5857,1370795199976.1794,1484318219633.6272,1465773245547.1497,1500111596236.3718,1623901496835.7908,1724845615629.2595,1646739219509.8928,1630525005469.1072
KWT,154068115942.02896,174070382279.3855,174161142454.16077,162631412508.78424,114567298105.68295,109419728566.69977,120707435412.35805,138182400493.58508,136196760180.97563,
LAO,8749241114.189129,10191350119.680822,11942230508.333982,13268458231.928415,14390442307.399641,15805692545.872349,16853087485.4118,17953786416.143097,18245925331.239628,19136194848.65335
LBN,39927125961.19403,44035991745.67164,46909335135.124374,48134486624.61028,49939374832.70315,51205122503.81426,53140638269.12106,54961275741.558876,51991634491.63449,33383246857.58003
LBR,2398000000.0,2721000000.0,3067000000.0,3144000000.0,3177000000.0,3277826000.0,3285455000.0,3264000000.0,3070518100.0,2950000000.0
LBY,34699395523.607254,81873662518.8238,65502870173.78312,41142722414.33511,27842131479.872574,26197143268.12428,37883243650.452,52607888717.948715,52091152228.342514,25418461532.200836
LCA,1576988407.4074073,1605146777.7777777,1664816740.7407405,1755130814.8148148,1808079888.8888888,1865375222.222222,1999090407.4074073,2065875074.074074,2122450629.6296294,1703364240.7407405
LKA,65292753005.46645,68434409315.112305,74317806538.3632,79356449840.57713,80604080688.57747,82401038709.5356,87421762728.62929,87954272082.10678,83975584254.40323,80706600228.64992
LSO,2579421686.2491217,2477702252.8007793,2367113170.003731,2441053175.7074275,2359759799.0422373,2114323793.982662,2306843528.5285287,2514146887.9166384,2366213068.575067,1844510137.6781683
LTU,43535051482.386894,42927454291.478,46523420074.437225,48533659592.17279,41418872976.11961,43018087237.57409,47640770634.42701,53696648755.434715,54639938780.23521,55887271833.00249
LUX,60004630234.41345,56677961787.071655,61739352212.3049,66103853236.75717,57744457954.72968,60691483443.122116,64023412339.70753,70885325883.09409,71104919108.14107,73263982103.01187
LVA,28374734038.003082,28324787663.654522,30436727789.436417,31329367172.740917,27239653843.502155,28052325862.04609,30383528686.290554,34399206589.8596,34055464655.325436,33505185228.706707
MAC,36845925519.44327,43189526777.55667,51536304807.680275,54903031137.70956,45060237946.149025,45085114632.71254,50456765512.085724,55302446577.88789,55153707948.70207,
MAR,101370474295.10872,98266306615.36324,106825649872.10754,110081248587.369,101179808076.3598,103311649248.02448,109682728023.11185,118096227400.09161,119700325461.93758,112870591694.04431
MCO,6088808463.25167,5743029680.071952,6555983530.349316,7069616048.89066,6261622101.409076,6472990923.179101,6431314957.071848,7194024563.060935,7423709839.9194,
MDA,8414360656.296322,8709165249.269283,9496684701.433247,9510219299.495567,7745231660.334246,8071480540.86068,9669759987.026327,11456728401.306902,11968699005.980051,11914040905.262583
MDG,11551821062.33342,11578978052.87889,12423557906.918175,12522959157.229525,11323023786.569822,11848615018.39801,13176313233.1978,13614412550.87222,14191911512.040983,13720634105.402988
MDV,2774351760.032872,2886170571.696345,3295011381.7540526,3697351596.8375335,4109447297.0070868,4379115587.829573,4754352303.892897,5299773143.696234,5642179170.458978,4030203166.7748213
MEX,1180489601957.612,1201089987015.4524,1274443084716.5674,1315351183524.544,1171867608197.7246,1078490651625.3127,1158913035796.37,1222348807283.1956,1268870527160.0325,1076163316174.9375
MHL,172188500.0,180436300.0,184840400.0,182142800.0,183814300.0,201510900.0,213204100.0,221588900.0,239462200.0,
MKD,10494822518.652498,9743277661.795408,10816616379.310345,11361563307.49354,10071243243.243244,10680463278.865147,11310265324.794146,12679934731.389103,12547086168.489635,12266949805.143559
MLI,12995113407.233463,12442036265.148426,13242691429.594193,14364937996.866072,13104764333.994068,14026048690.73124,15365714371.331633,17070866299.094511,17281815733.959595,17393761397.08054
MLT,9638916481.069042,9462238211.486574,10551661176.783106,11626281387.006775,11091434483.5238,11721521912.720167,13221298307.889402,14864712990.163084,15215714309.097391,14647384607.603998
MMR,54148124619.098335,53254531557.50559,58175459729.69076,59640204521.777275,60291736893.93968,61449392056.14883,67144725830.57528,68697759361.23097,79844294296.06468,76185586096.79738
MNE,4544516982.182628,4087725812.668637,4466040642.847655,4594024179.620034,4054712082.5474315,4377033429.267213,4856632399.457749,5506767831.837506,5542674764.890283,4778582336.182337
MNG,10409797649.306314,12292770631.19669,12582122604.19213,12226514722.086063,11749620619.596153,11186734674.384684,11425755279.53946,13108769495.747211,13996719329.423601,13137128659.47902
MNP,729000000.0,746000000.0,772000000.0,832000000.0,910000000.0,1230000000.0,1560000000.0,1302000000.0,1182000000.0,
MOZ,14381552432.949402,16350804543.051493,16974320551.02129,17716084107.58882,15950969018.945787,11936999283.179132,13219084261.366407,14845870050.70925,15291448211.603004,14021421105.907839
MRT,6764635686.793447,6728208836.221428,7223063169.727486,6592537781.815179,6166857628.622117,6398744505.081292,6757333550.27933,7050987978.120627,7600650037.846301,7778525642.928834
MUS,11518413429.968351,11668696526.21229,12129658758.325438,12803438964.943825,11692287066.381035,12232469391.757267,13259348213.989962,14181930162.41607,14046337854.8466,10914065306.242344
MWI,8004000737.307167,6028487928.8335085,5518880768.579554,6047813437.318044,6373212640.846044,5433040159.887466,8787570920.44408,9712994564.915964,10862613621.905966,11961848552.59767
MYS,297951960784.3137,314443149443.1494,323277158906.97894,338061963396.3763,301354803994.36694,301255380276.25775,319112136545.4376,358715057123.7392,364681367531.6838,336664444247.042
NAM,12523402326.917452,13042007432.359835,12043276401.416088,12435416063.468906,11335179560.986965,10721994676.24293,12895153157.346334,13681065175.486061,12565772084.744125,10699926682.651327
NER,8772951261.818071,9426913349.22319,10224897934.721954,10862944203.559116,9685577941.031952,10355006770.101397,11189541083.39747,12846952856.845798,12911689659.350994,13678234008.471367
NGA,404993594133.58203,455501524575.4981,508692961937.49243,546676374567.72064,486803295097.8898,404650006428.61285,375746469538.66595,397190484464.3077,448120428858.7692,432293776262.39795
NIC,9774351930.718016,10532049076.940718,10982979274.192244,11880434070.78112,12756706583.311321,13286083644.87614,13785909906.192493,13025208219.768518,12611218627.063225,12621476263.82778
NLD,904085980796.0177,838971306990.9064,876923518850.4048,890981311077.6582,765264949780.9987,783528181704.5667,831809944960.8787,913597086062.5995,907050863145.0966,912242335119.0686
NOR,498283438454.2811,509506317146.54065,522761531914.8936,498410050251.256,385801550067.1694,368827142857.1428,398393955268.99036,436999692591.45404,405509999999.99994,362008956544.8271
NPL,21621710002.511147,21703106502.492603,22162208956.08931,22731602969.686108,24360795410.159687,24524098184.4236,28971589213.134045,33111525182.713257,34186180694.92848,33657175561.329033
NRU,66055407.670314506,96927201.48484224,98491843.64419821,104654365.18865328,86779266.16191031,100087348.95909157,109585941.6245569,124021393.6904116,118223430.1244457,
NZL,168291357111.73914,176206659722.524,190906575136.0027,201313497220.91696,178064471137.9208,188943457301.47403,206950600690.39478,212225726657.86444,209127454522.9012,212482013605.04675
OMN,67871907375.44838,76511069704.32275,78555622509.26527,80686929102.19272,68420257566.60364,65441278668.29467,70585606843.77971,79788768968.94902,76331518668.57712,
PAK,213587413183.99557,224383620829.56964,231218567178.97867,244360888750.80704,270556131701.17093,278654637737.6899,304567253219.09705,314567541558.33887,278221906022.84106,263686552686.20825
PAN,34686200000.0,40429700000.0,45599900000.0,49921400000.0,54091800000.0,57907700000.0,62202700000.0,64928300000.0,66787899999.99999,52938100000.0
PER,171761737046.58508,192648999090.0819,201175469114.32693,200789362451.56744,189805300841.6028,191895943823.8867,211007207483.5148,222574697255.52243,228470919605.66925,202014363787.23282
PHL,234216930369.79575,261920509950.55508,283902728260.71594,297483247101.0379,306446140628.70856,318626761492.8673,328480867142.68994,346842094174.51306,376823278560.8486,361489354350.00024
PLW,196911100.0,212397800.0,221117200.0,241669800.0,280457700.0,295065400.0,286106800.0,280435700.0,268354900.0,
PNG,17984910501.897934,21295659243.616817,21261432791.267544,23210682538.392788,21723531173.24086,20759069103.096073,22742613553.68791,24109509852.740246,24829107011.07011,23591523025.28644
POL,528301269069.7988,498523568248.11914,521016262734.9237,542477096211.761,477811911394.0841,472630364208.17694,526508877305.3211,587408980271.7101,595862086928.2109,594164690894.9362
PRI,100351700000.0,101564800000.0,102450000000.0,102445800000.0,103375500000.0,104336700000.0,103445500000.0,100925000000.0,104914600000.0,103138300000.0
PRT,244797226567.1087,216236608773.9764,226369502104.23566,229596170846.99496,199313894327.4855,206286022781.89377,220811110492.1489,242194788533.53748,239510770948.27414,231255587276.7415
PRY,33756238766.500004,33296438306.474674,38651334287.67318,40377987208.68898,36211372702.808464,36089550659.091446,38997129473.55579,40225448340.632164,37906944074.61278,35304238230.11319
PSE,11186100000.0,12208400000.0,13515500000.0,13989700000.0,13972400000.0,15405400000.0,16128000000.0,16276600000.0,17133500000.0,15561300000.0
QAT,167775268614.03708,186833502362.1283,198727642979.2967,206224598564.62387,161739955577.7478,151732181857.11346,161099122215.3066,183334953813.20877,175837550996.18515,146373588866.511
ROU,183326740143.01648,170635805316.8791,190801346194.2967,199959363430.07285,177729210874.50385,188128818486.40128,211695422578.65515,241457403085.0416,249696854574.1995,248715551366.63525
RUS,2045925608274.3691,2208295773643.1494,2292473246621.0806,2059241965490.8254,1363481063446.766,1276786979221.8135,1574199387070.8982,1657328865709.9863,1687448525466.6135,1483497784867.6025
RWA,6881038269.61727,7650300319.829996,7815599502.656827,8241332516.54991,8539048447.78065,8690485823.145462,9253098954.277685,9640280084.195723,10355974217.373478,10333991891.703197
SAU,671238840106.6666,735974843360.0,746647127413.3334,756350347333.3334,654269902880.0,644935541440.0,688586244293.3334,786521831573.3334,792966838160.0,700117873249.2693
SDN,57892238677.555695,48243204173.783775,51215344066.25665,61731303935.22034,64458521787.08026,52804065669.91244,45017179069.09734,34522586970.00181,32250448249.45946,26110829190.40078
SEN,17814284622.171825,17660871725.9977,18918668644.194084,19797254643.121227,17774766636.04594,19040312815.13371,20996564751.599354,23116699808.172344,23306213742.36019,24910904235.85702
SGP,279351168707.26666,295087220933.0239,307576360584.9916,314851156183.41095,308004146057.6084,318763807455.6641,343337750742.26953,375981539145.9075,374386306993.1095,339998477929.9848
SLB,1049952233.2587386,1190994126.6043072,1284698922.227852,1335538893.3331525,1307061543.7098057,1378551118.4922373,1483758906.6105433,1574599182.6469665,1570215577.3607066,1551245525.6045
SLE,2942546781.0454803,3801862611.3641376,4920343194.993393,5015157815.734061,4218723875.1379037,3674794530.189564,3739577973.239432,4085114794.2232366,4121733705.291649,3865018882.897548
SLV,20283790000.0,21386150000.0,21990970000.0,22593460000.0,23438240000.0,24191430000.0,24979200000.0,26020850000.0,26896660000.0,24638720000.0
SMR,1813752783.9643652,1604779647.9506617,1678841811.6615753,1673973694.6990833,1419394771.2102852,1468377272.1385875,1528630707.4979439,1655300872.5342703,1616369645.9963503,
SOM,,,3892402684.756117,3963532302.465496,4048860871.413228,4198485403.879188,4508845348.327565,4720727283.20485,4942319040.698219,4917607582.2289505
SRB,49258136128.967155,43309252921.05673,48394239474.67616,47062206677.653946,39655958842.54775,40692643373.03274,44179055279.88872,50640650221.46222,51475016532.12934,52960134078.688835
STP,231489270.14452913,250680845.74783722,300554483.61162645,346528329.1832267,316066072.34375423,345495614.9799824,375614126.193877,412253809.728799,427425039.68433946,472914469.9193296
SUR,4422276621.787026,4980000000.0,5145757575.757576,5240606060.606061,5126291450.815114,3317438910.830684,3591623596.0308237,3996247906.1976547,4221373022.257978,3807922874.483055
SVK,99122802874.17175,94534730680.60231,98848641554.63107,101189715749.3738,88467555243.72557,89655253976.42577,95209466459.43996,105474651206.55484,105119160234.11748,104574146248.36449
SVN,51516366654.81972,46580457470.27691,48401896808.30635,49930685013.460335,43090173394.69132,44736333522.45219,48466592281.61547,54135187443.81362,54174227308.886185,52880473699.8803
SWE,574094112972.7327,552483727282.8025,586841821796.8911,581964017237.0946,505103781349.7569,515654671469.54694,541018749769.0971,555455371487.0894,531283304459.66693,537609865719.0188
SWZ,4820499497.321342,4886658806.333739,4597702903.128917,4422304974.798898,4062660889.826852,3816018484.5271115,4402972999.5348625,4665424249.061563,4471598726.643599,3962493092.993076
SYC,1065826669.8974235,1060226125.6261593,1328157608.8308716,1343007845.0446773,1377495054.041265,1426651768.8218865,1524486800.3604898,1586008999.7484095,1581380268.6428902,1124937500.0
TCA,728789600.0,727161000.0,754238000.0,841070000.0,942070000.0,1032452000.0,1022365000.0,1113178000.0,1197415000.0,924583000.0
TCD,12172309522.61715,12367363677.619883,12953535495.878109,13940768065.606321,10950392219.910398,10097778353.765135,10000395242.14566,11239167048.49162,11314951342.780731,10093118570.291842
TGO,3872459249.746312,3873308389.300063,4321655656.331773,4574986536.90791,4180866177.03946,6031632168.173909,6395472574.414452,7112200725.002317,7220395247.742405,7574635241.301908
THA,370819140946.5527,397558222957.1696,420333203150.4264,407339454060.67773,401296437424.99493,413366150655.59094,456356961443.497,506611070188.3615,544263968873.6005,501794961925.2437
TJK,6522732202.5074835,7633049792.093209,8448469837.538307,9112544556.059624,8271454300.59548,6992393787.408911,7536439875.083337,7765014424.337792,8300784856.87904,8194150301.785524
TKM,29233333333.333332,35164210526.31579,39197543859.649124,43524210526.31579,35799714285.71429,36169428571.42857,37926285714.28571,40765428571.42857,45231428571.42857,
TLS,1054725400.0,1147779600.0,1395524600.0,1447311400.0,1594410800.0,1650608600.0,1599338100.0,1559894900.0,2017924900.0,1821000000.0
TON,414523388.4613285,470714083.42675084,450643615.18052834,439878828.00860786,437006227.1627811,420540178.5714286,460379144.98982126,489235527.39538705,512350059.4216295,
TTO,25433011405.30167,25763220107.005104,27268478564.554684,27615843098.0949,24959858249.443348,22386264807.31744,22385426653.88303,23679919654.98907,23208326547.532684,21529824769.296856
TUN,45810626509.447365,45044138549.20289,46251074044.43897,47632390881.781235,43173531810.76672,41801284916.20112,39802554352.318756,39770478673.16483,39195716330.4253,39235672868.2722
TUR,838762755164.1791,880556375779.51,957783020853.0308,938952628604.0668,864316670330.8823,869692960365.5509,858996263095.8582,778377023568.884,761428183369.1707,720101212394.1141
TUV,38711810.2114492,37671774.69455374,37509075.111025296,37290607.535604835,35492074.22432575,36547799.58370502,40619251.99264255,42588164.97310221,47271463.32985749,48855550.20301425
TZA,34657139495.403145,39650530214.328705,45680532613.759094,49964788814.092636,47378599025.30442,49774021003.07476,53320625958.56281,57003713748.231606,61136873747.33235,62409748426.5824
UGA,27752046902.446014,27188667092.778103,28791625085.114323,32472362948.832996,32248116472.511463,29078589751.459583,30744473839.74368,32912338571.34034,35170037380.86296,37372032557.594376
UKR,163159671670.26456,175781379051.43286,183310146378.0808,133503411375.73927,91030959454.6961,93355993628.50423,112190355158.17812,130901858421.72018,153929501862.34137,155582008717.42557
URY,47962439303.724724,51264390116.49089,57531233350.91009,57236013086.122345,53274304222.136024,57236652490.169945,64233966861.25176,64515038268.13733,61231149880.58566,53628827440.35817
USA,15542581104000.0,16197007349000.0,16784849196000.0,17527163695000.0,18238300569000.0,18745075687000.0,19542979183000.0,20611860934000.0,21433224697000.0,20936600000000.0
UZB,56516280748.37771,63628854498.50244,68997168337.67822,76658542757.47073,81847410181.7953,81779012350.88333,59159945320.56675,50392607758.23237,57726542784.920425,57707189945.42145
VCT,676129629.6296296,692933333.3333333,721207407.4074074,727714814.8148148,755400000.0,774429629.6296296,792177777.7777777,811300000.0,824718518.5185184,809681481.4814814
VNM,135539438559.70941,155820001920.49164,171222025117.38086,186204652922.26215,193241108709.53622,205276172134.9014,223779865815.18256,245213686369.1568,261921244843.1723,271158442059.0824
VUT,770153304.1538317,747839697.7465929,758304466.2453394,772315721.2658272,730870581.6723125,780889605.899977,880043553.7484418,914727908.1377933,930337960.0374784,854793640.1456058
WSM,737401692.217475,760549587.1360278,770021663.9677886,756919917.3340222,788307330.5556701,799376439.5301678,832153612.5571855,821496064.5261846,852250190.9854852,807027244.4213804
XKX,6701698218.262806,6499807272.260054,7074777526.896002,7396705194.632655,6442915788.30578,6719172016.825327,7245707184.816991,7942961738.308928,7953156068.069861,7611402165.242166
ZAF,416418874936.30444,396332702639.4963,366829390478.9538,350904575292.3168,317620522794.82697,296357282715.1093,349554116683.81793,368288939768.32227,351431649241.43854,301923639269.5517
ZMB,23459515275.577595,25503060420.026028,28037239462.71422,27141023558.08286,21251216798.776245,20958412538.309345,25873601260.835304,26311637646.653854,23308688906.12878,19320053859.279003
ZWE,14101920300.0,17114849900.000002,19091020000.0,19495519600.0,19963120600.0,20548678100.0,19015327919.108746,19523622341.613316,16932434838.692844,16768513442.641468
